studioExcelId,order,studioThumbnailOrder,fileName,s3Key,url
HD-01,1,1,HD-01_personal_portrait.jpg,studio/HD-01_personal_portrait.jpg,https://picday-images-681447159066-ap-northeast-2-an.s3.ap-northeast-2.amazonaws.com/studio/HD-01_personal_portrait.jpg
HD-01,2,,HD-01_id_photo.jpg,studio/HD-01_id_photo.jpg,https://picday-images-681447159066-ap-northeast-2-an.s3.ap-northeast-2.amazonaws.com/studio/HD-01_id_photo.jpg
HD-02,1,1,HD-02_personal_portrait.jpg,studio/HD-02_personal_portrait.jpg,https://picday-images-681447159066-ap-northeast-2-an.s3.ap-northeast-2.amazonaws.com/studio/HD-02_personal_portrait.jpg
HD-02,2,,HD-02_job_photo.jpg,studio/HD-02_job_photo.jpg,https://picday-images-681447159066-ap-northeast-2-an.s3.ap-northeast-2.amazonaws.com/studio/HD-02_job_photo.jpg
HD-02,3,,HD-02_family_photo.jpg,studio/HD-02_family_photo.jpg,https://picday-images-681447159066-ap-northeast-2-an.s3.ap-northeast-2.amazonaws.com/studio/HD-02_family_photo.jpg
HD-03,1,1,HD-03_friendship_photo.jpg,studio/HD-03_friendship_photo.jpg,https://picday-images-681447159066-ap-northeast-2-an.s3.ap-northeast-2.amazonaws.com/studio/HD-03_friendship_photo.jpg
HD-03,2,,HD-03_personal_portrait.jpg,studio/HD-03_personal_portrait.jpg,https://picday-images-681447159066-ap-northeast-2-an.s3.ap-northeast-2.amazonaws.com/studio/HD-03_personal_portrait.jpg
HD-03,3,,HD-03_family_photo.jpg,studio/HD-03_family_photo.jpg,https://picday-images-681447159066-ap-northeast-2-an.s3.ap-northeast-2.amazonaws.com/studio/HD-03_family_photo.jpg
HD-06,1,1,HD-06_personal_portrait_1.jpg,studio/HD-06_personal_portrait_1.jpg,https://picday-images-681447159066-ap-northeast-2-an.s3.ap-northeast-2.amazonaws.com/studio/HD-06_personal_portrait_1.jpg
HD-06,2,,HD-06_personal_portrait_2.jpg,studio/HD-06_personal_portrait_2.jpg,https://picday-images-681447159066-ap-northeast-2-an.s3.ap-northeast-2.amazonaws.com/studio/HD-06_personal_portrait_2.jpg
HD-06,3,,HD-06_id_photo.jpg,studio/HD-06_id_photo.jpg,https://picday-images-681447159066-ap-northeast-2-an.s3.ap-northeast-2.amazonaws.com/studio/HD-06_id_photo.jpg
HD-06,4,,HD-06_profile_photo.jpg,studio/HD-06_profile_photo.jpg,https://picday-images-681447159066-ap-northeast-2-an.s3.ap-northeast-2.amazonaws.com/studio/HD-06_profile_photo.jpg
HD-10,1,1,HD-10_personal_portrait_1.jpg,studio/HD-10_personal_portrait_1.jpg,https://picday-images-681447159066-ap-northeast-2-an.s3.ap-northeast-2.amazonaws.com/studio/HD-10_personal_portrait_1.jpg
HD-10,2,,HD-10_personal_portrait_2.jpg,studio/HD-10_personal_portrait_2.jpg,https://picday-images-681447159066-ap-northeast-2-an.s3.ap-northeast-2.amazonaws.com/studio/HD-10_personal_portrait_2.jpg
HD-10,3,,HD-10_personal_portrait_3.jpg,studio/HD-10_personal_portrait_3.jpg,https://picday-images-681447159066-ap-northeast-2-an.s3.ap-northeast-2.amazonaws.com/studio/HD-10_personal_portrait_3.jpg
HD-10,4,,HD-10_id_photo.jpg,studio/HD-10_id_photo.jpg,https://picday-images-681447159066-ap-northeast-2-an.s3.ap-northeast-2.amazonaws.com/studio/HD-10_id_photo.jpg
HD-10,5,,HD-10_profile_photo.jpg,studio/HD-10_profile_photo.jpg,https://picday-images-681447159066-ap-northeast-2-an.s3.ap-northeast-2.amazonaws.com/studio/HD-10_profile_photo.jpg
GN-06,1,1,GN-06_id_photo.jpg,studio/GN-06_id_photo.jpg,https://picday-images-681447159066-ap-northeast-2-an.s3.ap-northeast-2.amazonaws.com/studio/GN-06_id_photo.jpg
GN-06,2,,GN-06_job_photo.jpg,studio/GN-06_job_photo.jpg,https://picday-images-681447159066-ap-northeast-2-an.s3.ap-northeast-2.amazonaws.com/studio/GN-06_job_photo.jpg
GN-06,3,,GN-06_profile_photo.jpg,studio/GN-06_profile_photo.jpg,https://picday-images-681447159066-ap-northeast-2-an.s3.ap-northeast-2.amazonaws.com/studio/GN-06_profile_photo.jpg
GN-06,4,,GN-06_friendship_photo.jpg,studio/GN-06_friendship_photo.jpg,https://picday-images-681447159066-ap-northeast-2-an.s3.ap-northeast-2.amazonaws.com/studio/GN-06_friendship_photo.jpg
GN-01,1,1,GN-01_family_photo_1.jpg,studio/GN-01_family_photo_1.jpg,https://picday-images-681447159066-ap-northeast-2-an.s3.ap-northeast-2.amazonaws.com/studio/GN-01_family_photo_1.jpg
GN-01,2,,GN-01_family_photo_2.jpg,studio/GN-01_family_photo_2.jpg,https://picday-images-681447159066-ap-northeast-2-an.s3.ap-northeast-2.amazonaws.com/studio/GN-01_family_photo_2.jpg
GN-01,3,,GN-01_family_photo_3.jpg,studio/GN-01_family_photo_3.jpg,https://picday-images-681447159066-ap-northeast-2-an.s3.ap-northeast-2.amazonaws.com/studio/GN-01_family_photo_3.jpg
GN-04,1,1,GN-04_id_photo.jpg,studio/GN-04_id_photo.jpg,https://picday-images-681447159066-ap-northeast-2-an.s3.ap-northeast-2.amazonaws.com/studio/GN-04_id_photo.jpg
GN-04,2,,GN-04_job_photo.jpg,studio/GN-04_job_photo.jpg,https://picday-images-681447159066-ap-northeast-2-an.s3.ap-northeast-2.amazonaws.com/studio/GN-04_job_photo.jpg
GN-04,3,,GN-04_profile_photo_1.jpg,studio/GN-04_profile_photo_1.jpg,https://picday-images-681447159066-ap-northeast-2-an.s3.ap-northeast-2.amazonaws.com/studio/GN-04_profile_photo_1.jpg
GN-04,4,,GN-04_profile_photo_2.jpg,studio/GN-04_profile_photo_2.jpg,https://picday-images-681447159066-ap-northeast-2-an.s3.ap-northeast-2.amazonaws.com/studio/GN-04_profile_photo_2.jpg
GN-04,5,,GN-04_profile_photo_3.jpg,studio/GN-04_profile_photo_3.jpg,https://picday-images-681447159066-ap-northeast-2-an.s3.ap-northeast-2.amazonaws.com/studio/GN-04_profile_photo_3.jpg
GN-03,1,1,GN-03_personal_portrait.jpg,studio/GN-03_personal_portrait.jpg,https://picday-images-681447159066-ap-northeast-2-an.s3.ap-northeast-2.amazonaws.com/studio/GN-03_personal_portrait.jpg
GN-03,2,,GN-03_id_photo.jpg,studio/GN-03_id_photo.jpg,https://picday-images-681447159066-ap-northeast-2-an.s3.ap-northeast-2.amazonaws.com/studio/GN-03_id_photo.jpg
GN-03,3,,GN-03_profile_photo.jpg,studio/GN-03_profile_photo.jpg,https://picday-images-681447159066-ap-northeast-2-an.s3.ap-northeast-2.amazonaws.com/studio/GN-03_profile_photo.jpg
GN-09,1,1,GN-09_personal_portrait_1.jpg,studio/GN-09_personal_portrait_1.jpg,https://picday-images-681447159066-ap-northeast-2-an.s3.ap-northeast-2.amazonaws.com/studio/GN-09_personal_portrait_1.jpg
GN-09,2,,GN-09_personal_portrait_2.jpg,studio/GN-09_personal_portrait_2.jpg,https://picday-images-681447159066-ap-northeast-2-an.s3.ap-northeast-2.amazonaws.com/studio/GN-09_personal_portrait_2.jpg
GN-09,3,,GN-09_personal_portrait_3.jpg,studio/GN-09_personal_portrait_3.jpg,https://picday-images-681447159066-ap-northeast-2-an.s3.ap-northeast-2.amazonaws.com/studio/GN-09_personal_portrait_3.jpg
GN-09,4,,GN-09_id_photo.jpg,studio/GN-09_id_photo.jpg,https://picday-images-681447159066-ap-northeast-2-an.s3.ap-northeast-2.amazonaws.com/studio/GN-09_id_photo.jpg
GN-09,5,,GN-09_profile_photo.jpg,studio/GN-09_profile_photo.jpg,https://picday-images-681447159066-ap-northeast-2-an.s3.ap-northeast-2.amazonaws.com/studio/GN-09_profile_photo.jpg
SS-02,1,1,SS-02_id_photo.jpg,studio/SS-02_id_photo.jpg,https://picday-images-681447159066-ap-northeast-2-an.s3.ap-northeast-2.amazonaws.com/studio/SS-02_id_photo.jpg
SS-02,2,,SS-02_job_photo.jpg,studio/SS-02_job_photo.jpg,https://picday-images-681447159066-ap-northeast-2-an.s3.ap-northeast-2.amazonaws.com/studio/SS-02_job_photo.jpg
SS-02,3,,SS-02_profile_photo.jpg,studio/SS-02_profile_photo.jpg,https://picday-images-681447159066-ap-northeast-2-an.s3.ap-northeast-2.amazonaws.com/studio/SS-02_profile_photo.jpg
SS-04,1,1,SS-04_personal_portrait.jpg,studio/SS-04_personal_portrait.jpg,https://picday-images-681447159066-ap-northeast-2-an.s3.ap-northeast-2.amazonaws.com/studio/SS-04_personal_portrait.jpg
SS-04,2,,SS-04_id_photo.jpg,studio/SS-04_id_photo.jpg,https://picday-images-681447159066-ap-northeast-2-an.s3.ap-northeast-2.amazonaws.com/studio/SS-04_id_photo.jpg
SS-04,3,,SS-04_profile_photo.jpg,studio/SS-04_profile_photo.jpg,https://picday-images-681447159066-ap-northeast-2-an.s3.ap-northeast-2.amazonaws.com/studio/SS-04_profile_photo.jpg
SS-07,1,1,SS-07_id_photo.jpg,studio/SS-07_id_photo.jpg,https://picday-images-681447159066-ap-northeast-2-an.s3.ap-northeast-2.amazonaws.com/studio/SS-07_id_photo.jpg
SS-07,2,,SS-07_job_photo.jpg,studio/SS-07_job_photo.jpg,https://picday-images-681447159066-ap-northeast-2-an.s3.ap-northeast-2.amazonaws.com/studio/SS-07_job_photo.jpg
SS-07,3,,SS-07_profile_photo.jpg,studio/SS-07_profile_photo.jpg,https://picday-images-681447159066-ap-northeast-2-an.s3.ap-northeast-2.amazonaws.com/studio/SS-07_profile_photo.jpg
SS-05,1,1,SS-05_id_photo.jpg,studio/SS-05_id_photo.jpg,https://picday-images-681447159066-ap-northeast-2-an.s3.ap-northeast-2.amazonaws.com/studio/SS-05_id_photo.jpg
SS-05,2,,SS-05_job_photo.jpg,studio/SS-05_job_photo.jpg,https://picday-images-681447159066-ap-northeast-2-an.s3.ap-northeast-2.amazonaws.com/studio/SS-05_job_photo.jpg
SS-05,3,,SS-05_profile_photo.jpg,studio/SS-05_profile_photo.jpg,https://picday-images-681447159066-ap-northeast-2-an.s3.ap-northeast-2.amazonaws.com/studio/SS-05_profile_photo.jpg
SS-08,1,1,SS-08_id_photo.jpg,studio/SS-08_id_photo.jpg,https://picday-images-681447159066-ap-northeast-2-an.s3.ap-northeast-2.amazonaws.com/studio/SS-08_id_photo.jpg
SS-08,2,,SS-08_job_photo.jpg,studio/SS-08_job_photo.jpg,https://picday-images-681447159066-ap-northeast-2-an.s3.ap-northeast-2.amazonaws.com/studio/SS-08_job_photo.jpg
SS-08,3,,SS-08_profile_photo.jpg,studio/SS-08_profile_photo.jpg,https://picday-images-681447159066-ap-northeast-2-an.s3.ap-northeast-2.amazonaws.com/studio/SS-08_profile_photo.jpg
SS-08,4,,SS-08_friendship_photo.jpg,studio/SS-08_friendship_photo.jpg,https://picday-images-681447159066-ap-northeast-2-an.s3.ap-northeast-2.amazonaws.com/studio/SS-08_friendship_photo.jpg
YN-01,1,1,YN-01_id_photo.jpg,studio/YN-01_id_photo.jpg,https://picday-images-681447159066-ap-northeast-2-an.s3.ap-northeast-2.amazonaws.com/studio/YN-01_id_photo.jpg
YN-01,2,,YN-01_job_photo.jpg,studio/YN-01_job_photo.jpg,https://picday-images-681447159066-ap-northeast-2-an.s3.ap-northeast-2.amazonaws.com/studio/YN-01_job_photo.jpg
YN-01,3,,YN-01_profile_photo_1.jpg,studio/YN-01_profile_photo_1.jpg,https://picday-images-681447159066-ap-northeast-2-an.s3.ap-northeast-2.amazonaws.com/studio/YN-01_profile_photo_1.jpg
YN-01,4,,YN-01_profile_photo_2.jpg,studio/YN-01_profile_photo_2.jpg,https://picday-images-681447159066-ap-northeast-2-an.s3.ap-northeast-2.amazonaws.com/studio/YN-01_profile_photo_2.jpg
YN-01,5,,YN-01_friendship_photo.jpg,studio/YN-01_friendship_photo.jpg,https://picday-images-681447159066-ap-northeast-2-an.s3.ap-northeast-2.amazonaws.com/studio/YN-01_friendship_photo.jpg
YN-02,1,1,YN-02_id_photo.jpg,studio/YN-02_id_photo.jpg,https://picday-images-681447159066-ap-northeast-2-an.s3.ap-northeast-2.amazonaws.com/studio/YN-02_id_photo.jpg
YN-02,2,,YN-02_job_photo.jpg,studio/YN-02_job_photo.jpg,https://picday-images-681447159066-ap-northeast-2-an.s3.ap-northeast-2.amazonaws.com/studio/YN-02_job_photo.jpg
YN-02,3,,YN-02_profile_photo_1.jpg,studio/YN-02_profile_photo_1.jpg,https://picday-images-681447159066-ap-northeast-2-an.s3.ap-northeast-2.amazonaws.com/studio/YN-02_profile_photo_1.jpg
YN-02,4,,YN-02_profile_photo_2.jpg,studio/YN-02_profile_photo_2.jpg,https://picday-images-681447159066-ap-northeast-2-an.s3.ap-northeast-2.amazonaws.com/studio/YN-02_profile_photo_2.jpg
YN-02,5,,YN-02_profile_photo_3.jpg,studio/YN-02_profile_photo_3.jpg,https://picday-images-681447159066-ap-northeast-2-an.s3.ap-northeast-2.amazonaws.com/studio/YN-02_profile_photo_3.jpg
YN-08,1,1,YN-08_personal_portrait_1.jpg,studio/YN-08_personal_portrait_1.jpg,https://picday-images-681447159066-ap-northeast-2-an.s3.ap-northeast-2.amazonaws.com/studio/YN-08_personal_portrait_1.jpg
YN-08,2,,YN-08_personal_portrait_2.jpg,studio/YN-08_personal_portrait_2.jpg,https://picday-images-681447159066-ap-northeast-2-an.s3.ap-northeast-2.amazonaws.com/studio/YN-08_personal_portrait_2.jpg
YN-08,3,,YN-08_id_photo.jpg,studio/YN-08_id_photo.jpg,https://picday-images-681447159066-ap-northeast-2-an.s3.ap-northeast-2.amazonaws.com/studio/YN-08_id_photo.jpg
YN-08,4,,YN-08_profile_photo.jpg,studio/YN-08_profile_photo.jpg,https://picday-images-681447159066-ap-northeast-2-an.s3.ap-northeast-2.amazonaws.com/studio/YN-08_profile_photo.jpg
YN-07,1,1,YN-07_personal_portrait_1.jpg,studio/YN-07_personal_portrait_1.jpg,https://picday-images-681447159066-ap-northeast-2-an.s3.ap-northeast-2.amazonaws.com/studio/YN-07_personal_portrait_1.jpg
YN-07,2,,YN-07_personal_portrait_2.jpg,studio/YN-07_personal_portrait_2.jpg,https://picday-images-681447159066-ap-northeast-2-an.s3.ap-northeast-2.amazonaws.com/studio/YN-07_personal_portrait_2.jpg
YN-07,3,,YN-07_id_photo.jpg,studio/YN-07_id_photo.jpg,https://picday-images-681447159066-ap-northeast-2-an.s3.ap-northeast-2.amazonaws.com/studio/YN-07_id_photo.jpg
YN-07,4,,YN-07_profile_photo.jpg,studio/YN-07_profile_photo.jpg,https://picday-images-681447159066-ap-northeast-2-an.s3.ap-northeast-2.amazonaws.com/studio/YN-07_profile_photo.jpg
YN-10,1,1,YN-10_id_photo.jpg,studio/YN-10_id_photo.jpg,https://picday-images-681447159066-ap-northeast-2-an.s3.ap-northeast-2.amazonaws.com/studio/YN-10_id_photo.jpg
YN-10,2,,YN-10_job_photo.jpg,studio/YN-10_job_photo.jpg,https://picday-images-681447159066-ap-northeast-2-an.s3.ap-northeast-2.amazonaws.com/studio/YN-10_job_photo.jpg
YN-10,3,,YN-10_profile_photo.jpg,studio/YN-10_profile_photo.jpg,https://picday-images-681447159066-ap-northeast-2-an.s3.ap-northeast-2.amazonaws.com/studio/YN-10_profile_photo.jpg
KD-09,1,1,KD-09_personal_portrait_1.jpg,studio/KD-09_personal_portrait_1.jpg,https://picday-images-681447159066-ap-northeast-2-an.s3.ap-northeast-2.amazonaws.com/studio/KD-09_personal_portrait_1.jpg
KD-09,2,,KD-09_personal_portrait_2.jpg,studio/KD-09_personal_portrait_2.jpg,https://picday-images-681447159066-ap-northeast-2-an.s3.ap-northeast-2.amazonaws.com/studio/KD-09_personal_portrait_2.jpg
KD-09,3,,KD-09_id_photo.jpg,studio/KD-09_id_photo.jpg,https://picday-images-681447159066-ap-northeast-2-an.s3.ap-northeast-2.amazonaws.com/studio/KD-09_id_photo.jpg
KD-09,4,,KD-09_profile_photo.jpg,studio/KD-09_profile_photo.jpg,https://picday-images-681447159066-ap-northeast-2-an.s3.ap-northeast-2.amazonaws.com/studio/KD-09_profile_photo.jpg
KD-10,1,1,KD-10_family_photo_1.jpg,studio/KD-10_family_photo_1.jpg,https://picday-images-681447159066-ap-northeast-2-an.s3.ap-northeast-2.amazonaws.com/studio/KD-10_family_photo_1.jpg
KD-10,2,,KD-10_family_photo_2.jpg,studio/KD-10_family_photo_2.jpg,https://picday-images-681447159066-ap-northeast-2-an.s3.ap-northeast-2.amazonaws.com/studio/KD-10_family_photo_2.jpg
KD-10,3,,KD-10_family_photo_3.jpg,studio/KD-10_family_photo_3.jpg,https://picday-images-681447159066-ap-northeast-2-an.s3.ap-northeast-2.amazonaws.com/studio/KD-10_family_photo_3.jpg
KD-10,4,,KD-10_family_photo_4.jpg,studio/KD-10_family_photo_4.jpg,https://picday-images-681447159066-ap-northeast-2-an.s3.ap-northeast-2.amazonaws.com/studio/KD-10_family_photo_4.jpg
KD-03,1,1,KD-03_personal_portrait_1.jpg,studio/KD-03_personal_portrait_1.jpg,https://picday-images-681447159066-ap-northeast-2-an.s3.ap-northeast-2.amazonaws.com/studio/KD-03_personal_portrait_1.jpg
KD-03,2,,KD-03_personal_portrait_2.jpg,studio/KD-03_personal_portrait_2.jpg,https://picday-images-681447159066-ap-northeast-2-an.s3.ap-northeast-2.amazonaws.com/studio/KD-03_personal_portrait_2.jpg
KD-03,3,,KD-03_id_photo.jpg,studio/KD-03_id_photo.jpg,https://picday-images-681447159066-ap-northeast-2-an.s3.ap-northeast-2.amazonaws.com/studio/KD-03_id_photo.jpg
KD-03,4,,KD-03_profile_photo.jpg,studio/KD-03_profile_photo.jpg,https://picday-images-681447159066-ap-northeast-2-an.s3.ap-northeast-2.amazonaws.com/studio/KD-03_profile_photo.jpg
KD-05,1,1,KD-05_id_photo.jpg,studio/KD-05_id_photo.jpg,https://picday-images-681447159066-ap-northeast-2-an.s3.ap-northeast-2.amazonaws.com/studio/KD-05_id_photo.jpg
KD-05,2,,KD-05_job_photo.jpg,studio/KD-05_job_photo.jpg,https://picday-images-681447159066-ap-northeast-2-an.s3.ap-northeast-2.amazonaws.com/studio/KD-05_job_photo.jpg
KD-05,3,,KD-05_profile_photo.jpg,studio/KD-05_profile_photo.jpg,https://picday-images-681447159066-ap-northeast-2-an.s3.ap-northeast-2.amazonaws.com/studio/KD-05_profile_photo.jpg
KD-06,1,1,KD-06_personal_portrait.jpg,studio/KD-06_personal_portrait.jpg,https://picday-images-681447159066-ap-northeast-2-an.s3.ap-northeast-2.amazonaws.com/studio/KD-06_personal_portrait.jpg
KD-06,2,,KD-06_id_photo.jpg,studio/KD-06_id_photo.jpg,https://picday-images-681447159066-ap-northeast-2-an.s3.ap-northeast-2.amazonaws.com/studio/KD-06_id_photo.jpg
KD-06,3,,KD-06_profile_photo.jpg,studio/KD-06_profile_photo.jpg,https://picday-images-681447159066-ap-northeast-2-an.s3.ap-northeast-2.amazonaws.com/studio/KD-06_profile_photo.jpg
SC-03,1,1,SC-03_personal_portrait_1.jpg,studio/SC-03_personal_portrait_1.jpg,https://picday-images-681447159066-ap-northeast-2-an.s3.ap-northeast-2.amazonaws.com/studio/SC-03_personal_portrait_1.jpg
SC-03,2,,SC-03_personal_portrait_2.jpg,studio/SC-03_personal_portrait_2.jpg,https://picday-images-681447159066-ap-northeast-2-an.s3.ap-northeast-2.amazonaws.com/studio/SC-03_personal_portrait_2.jpg
SC-03,3,,SC-03_id_photo.jpg,studio/SC-03_id_photo.jpg,https://picday-images-681447159066-ap-northeast-2-an.s3.ap-northeast-2.amazonaws.com/studio/SC-03_id_photo.jpg
SC-03,4,,SC-03_profile_photo.jpg,studio/SC-03_profile_photo.jpg,https://picday-images-681447159066-ap-northeast-2-an.s3.ap-northeast-2.amazonaws.com/studio/SC-03_profile_photo.jpg
SC-02,1,1,SC-02_id_photo.jpg,studio/SC-02_id_photo.jpg,https://picday-images-681447159066-ap-northeast-2-an.s3.ap-northeast-2.amazonaws.com/studio/SC-02_id_photo.jpg
SC-02,2,,SC-02_job_photo.jpg,studio/SC-02_job_photo.jpg,https://picday-images-681447159066-ap-northeast-2-an.s3.ap-northeast-2.amazonaws.com/studio/SC-02_job_photo.jpg
SC-02,3,,SC-02_profile_photo_1.jpg,studio/SC-02_profile_photo_1.jpg,https://picday-images-681447159066-ap-northeast-2-an.s3.ap-northeast-2.amazonaws.com/studio/SC-02_profile_photo_1.jpg
SC-02,4,,SC-02_profile_photo_2.jpg,studio/SC-02_profile_photo_2.jpg,https://picday-images-681447159066-ap-northeast-2-an.s3.ap-northeast-2.amazonaws.com/studio/SC-02_profile_photo_2.jpg
SC-02,5,,SC-02_profile_photo_3.jpg,studio/SC-02_profile_photo_3.jpg,https://picday-images-681447159066-ap-northeast-2-an.s3.ap-northeast-2.amazonaws.com/studio/SC-02_profile_photo_3.jpg
SC-06,1,1,SC-06_personal_portrait.jpg,studio/SC-06_personal_portrait.jpg,https://picday-images-681447159066-ap-northeast-2-an.s3.ap-northeast-2.amazonaws.com/studio/SC-06_personal_portrait.jpg
SC-06,2,,SC-06_id_photo.jpg,studio/SC-06_id_photo.jpg,https://picday-images-681447159066-ap-northeast-2-an.s3.ap-northeast-2.amazonaws.com/studio/SC-06_id_photo.jpg
SC-06,3,,SC-06_profile_photo.jpg,studio/SC-06_profile_photo.jpg,https://picday-images-681447159066-ap-northeast-2-an.s3.ap-northeast-2.amazonaws.com/studio/SC-06_profile_photo.jpg
SC-01,1,1,SC-01_personal_portrait_1.jpg,studio/SC-01_personal_portrait_1.jpg,https://picday-images-681447159066-ap-northeast-2-an.s3.ap-northeast-2.amazonaws.com/studio/SC-01_personal_portrait_1.jpg
SC-01,2,,SC-01_personal_portrait_2.jpg,studio/SC-01_personal_portrait_2.jpg,https://picday-images-681447159066-ap-northeast-2-an.s3.ap-northeast-2.amazonaws.com/studio/SC-01_personal_portrait_2.jpg
SC-01,3,,SC-01_personal_portrait_3.jpg,studio/SC-01_personal_portrait_3.jpg,https://picday-images-681447159066-ap-northeast-2-an.s3.ap-northeast-2.amazonaws.com/studio/SC-01_personal_portrait_3.jpg
SC-01,4,,SC-01_id_photo.jpg,studio/SC-01_id_photo.jpg,https://picday-images-681447159066-ap-northeast-2-an.s3.ap-northeast-2.amazonaws.com/studio/SC-01_id_photo.jpg
SC-01,5,,SC-01_profile_photo.jpg,studio/SC-01_profile_photo.jpg,https://picday-images-681447159066-ap-northeast-2-an.s3.ap-northeast-2.amazonaws.com/studio/SC-01_profile_photo.jpg
SC-04,1,1,SC-04_personal_portrait_1.jpg,studio/SC-04_personal_portrait_1.jpg,https://picday-images-681447159066-ap-northeast-2-an.s3.ap-northeast-2.amazonaws.com/studio/SC-04_personal_portrait_1.jpg
SC-04,2,,SC-04_personal_portrait_2.jpg,studio/SC-04_personal_portrait_2.jpg,https://picday-images-681447159066-ap-northeast-2-an.s3.ap-northeast-2.amazonaws.com/studio/SC-04_personal_portrait_2.jpg
SC-04,3,,SC-04_personal_portrait_3.jpg,studio/SC-04_personal_portrait_3.jpg,https://picday-images-681447159066-ap-northeast-2-an.s3.ap-northeast-2.amazonaws.com/studio/SC-04_personal_portrait_3.jpg
SC-04,4,,SC-04_id_photo.jpg,studio/SC-04_id_photo.jpg,https://picday-images-681447159066-ap-northeast-2-an.s3.ap-northeast-2.amazonaws.com/studio/SC-04_id_photo.jpg
SC-04,5,,SC-04_profile_photo.jpg,studio/SC-04_profile_photo.jpg,https://picday-images-681447159066-ap-northeast-2-an.s3.ap-northeast-2.amazonaws.com/studio/SC-04_profile_photo.jpg
JS-02,1,1,JS-02_personal_portrait.jpg,studio/JS-02_personal_portrait.jpg,https://picday-images-681447159066-ap-northeast-2-an.s3.ap-northeast-2.amazonaws.com/studio/JS-02_personal_portrait.jpg
JS-02,2,,JS-02_id_photo.jpg,studio/JS-02_id_photo.jpg,https://picday-images-681447159066-ap-northeast-2-an.s3.ap-northeast-2.amazonaws.com/studio/JS-02_id_photo.jpg
JS-02,3,,JS-02_profile_photo.jpg,studio/JS-02_profile_photo.jpg,https://picday-images-681447159066-ap-northeast-2-an.s3.ap-northeast-2.amazonaws.com/studio/JS-02_profile_photo.jpg
JS-10,1,1,JS-10_personal_portrait.jpg,studio/JS-10_personal_portrait.jpg,https://picday-images-681447159066-ap-northeast-2-an.s3.ap-northeast-2.amazonaws.com/studio/JS-10_personal_portrait.jpg
JS-10,2,,JS-10_id_photo.jpg,studio/JS-10_id_photo.jpg,https://picday-images-681447159066-ap-northeast-2-an.s3.ap-northeast-2.amazonaws.com/studio/JS-10_id_photo.jpg
JS-10,3,,JS-10_profile_photo.jpg,studio/JS-10_profile_photo.jpg,https://picday-images-681447159066-ap-northeast-2-an.s3.ap-northeast-2.amazonaws.com/studio/JS-10_profile_photo.jpg
JS-05,1,1,JS-05_id_photo.jpg,studio/JS-05_id_photo.jpg,https://picday-images-681447159066-ap-northeast-2-an.s3.ap-northeast-2.amazonaws.com/studio/JS-05_id_photo.jpg
JS-05,2,,JS-05_job_photo.jpg,studio/JS-05_job_photo.jpg,https://picday-images-681447159066-ap-northeast-2-an.s3.ap-northeast-2.amazonaws.com/studio/JS-05_job_photo.jpg
JS-05,3,,JS-05_profile_photo_1.jpg,studio/JS-05_profile_photo_1.jpg,https://picday-images-681447159066-ap-northeast-2-an.s3.ap-northeast-2.amazonaws.com/studio/JS-05_profile_photo_1.jpg
JS-05,4,,JS-05_profile_photo_2.jpg,studio/JS-05_profile_photo_2.jpg,https://picday-images-681447159066-ap-northeast-2-an.s3.ap-northeast-2.amazonaws.com/studio/JS-05_profile_photo_2.jpg
JS-05,5,,JS-05_profile_photo_3.jpg,studio/JS-05_profile_photo_3.jpg,https://picday-images-681447159066-ap-northeast-2-an.s3.ap-northeast-2.amazonaws.com/studio/JS-05_profile_photo_3.jpg
JS-07,1,1,JS-07_family_photo_1.jpg,studio/JS-07_family_photo_1.jpg,https://picday-images-681447159066-ap-northeast-2-an.s3.ap-northeast-2.amazonaws.com/studio/JS-07_family_photo_1.jpg
JS-07,2,,JS-07_family_photo_2.jpg,studio/JS-07_family_photo_2.jpg,https://picday-images-681447159066-ap-northeast-2-an.s3.ap-northeast-2.amazonaws.com/studio/JS-07_family_photo_2.jpg
JS-07,3,,JS-07_family_photo_3.jpg,studio/JS-07_family_photo_3.jpg,https://picday-images-681447159066-ap-northeast-2-an.s3.ap-northeast-2.amazonaws.com/studio/JS-07_family_photo_3.jpg
JS-07,4,,JS-07_family_photo_4.jpg,studio/JS-07_family_photo_4.jpg,https://picday-images-681447159066-ap-northeast-2-an.s3.ap-northeast-2.amazonaws.com/studio/JS-07_family_photo_4.jpg
JS-03,1,1,JS-03_personal_portrait_1.jpg,studio/JS-03_personal_portrait_1.jpg,https://picday-images-681447159066-ap-northeast-2-an.s3.ap-northeast-2.amazonaws.com/studio/JS-03_personal_portrait_1.jpg
JS-03,2,,JS-03_personal_portrait_2.jpg,studio/JS-03_personal_portrait_2.jpg,https://picday-images-681447159066-ap-northeast-2-an.s3.ap-northeast-2.amazonaws.com/studio/JS-03_personal_portrait_2.jpg
JS-03,3,,JS-03_personal_portrait_3.jpg,studio/JS-03_personal_portrait_3.jpg,https://picday-images-681447159066-ap-northeast-2-an.s3.ap-northeast-2.amazonaws.com/studio/JS-03_personal_portrait_3.jpg
JS-03,4,,JS-03_id_photo.jpg,studio/JS-03_id_photo.jpg,https://picday-images-681447159066-ap-northeast-2-an.s3.ap-northeast-2.amazonaws.com/studio/JS-03_id_photo.jpg
JS-03,5,,JS-03_profile_photo.jpg,studio/JS-03_profile_photo.jpg,https://picday-images-681447159066-ap-northeast-2-an.s3.ap-northeast-2.amazonaws.com/studio/JS-03_profile_photo.jpg
AG-05,1,1,AG-05_id_photo.jpg,studio/AG-05_id_photo.jpg,https://picday-images-681447159066-ap-northeast-2-an.s3.ap-northeast-2.amazonaws.com/studio/AG-05_id_photo.jpg
AG-05,2,,AG-05_job_photo.jpg,studio/AG-05_job_photo.jpg,https://picday-images-681447159066-ap-northeast-2-an.s3.ap-northeast-2.amazonaws.com/studio/AG-05_job_photo.jpg
AG-05,3,,AG-05_profile_photo_1.jpg,studio/AG-05_profile_photo_1.jpg,https://picday-images-681447159066-ap-northeast-2-an.s3.ap-northeast-2.amazonaws.com/studio/AG-05_profile_photo_1.jpg
AG-05,4,,AG-05_profile_photo_2.jpg,studio/AG-05_profile_photo_2.jpg,https://picday-images-681447159066-ap-northeast-2-an.s3.ap-northeast-2.amazonaws.com/studio/AG-05_profile_photo_2.jpg
AG-06,1,1,AG-06_personal_portrait_1.jpg,studio/AG-06_personal_portrait_1.jpg,https://picday-images-681447159066-ap-northeast-2-an.s3.ap-northeast-2.amazonaws.com/studio/AG-06_personal_portrait_1.jpg
AG-06,2,,AG-06_personal_portrait_2.jpg,studio/AG-06_personal_portrait_2.jpg,https://picday-images-681447159066-ap-northeast-2-an.s3.ap-northeast-2.amazonaws.com/studio/AG-06_personal_portrait_2.jpg
AG-06,3,,AG-06_id_photo.jpg,studio/AG-06_id_photo.jpg,https://picday-images-681447159066-ap-northeast-2-an.s3.ap-northeast-2.amazonaws.com/studio/AG-06_id_photo.jpg
AG-06,4,,AG-06_profile_photo.jpg,studio/AG-06_profile_photo.jpg,https://picday-images-681447159066-ap-northeast-2-an.s3.ap-northeast-2.amazonaws.com/studio/AG-06_profile_photo.jpg
AG-10,1,1,AG-10_personal_portrait.jpg,studio/AG-10_personal_portrait.jpg,https://picday-images-681447159066-ap-northeast-2-an.s3.ap-northeast-2.amazonaws.com/studio/AG-10_personal_portrait.jpg
AG-10,2,,AG-10_id_photo.jpg,studio/AG-10_id_photo.jpg,https://picday-images-681447159066-ap-northeast-2-an.s3.ap-northeast-2.amazonaws.com/studio/AG-10_id_photo.jpg
AG-10,3,,AG-10_profile_photo.jpg,studio/AG-10_profile_photo.jpg,https://picday-images-681447159066-ap-northeast-2-an.s3.ap-northeast-2.amazonaws.com/studio/AG-10_profile_photo.jpg
AG-09,1,1,AG-09_personal_portrait.jpg,studio/AG-09_personal_portrait.jpg,https://picday-images-681447159066-ap-northeast-2-an.s3.ap-northeast-2.amazonaws.com/studio/AG-09_personal_portrait.jpg
AG-09,2,,AG-09_id_photo.jpg,studio/AG-09_id_photo.jpg,https://picday-images-681447159066-ap-northeast-2-an.s3.ap-northeast-2.amazonaws.com/studio/AG-09_id_photo.jpg
AG-09,3,,AG-09_profile_photo.jpg,studio/AG-09_profile_photo.jpg,https://picday-images-681447159066-ap-northeast-2-an.s3.ap-northeast-2.amazonaws.com/studio/AG-09_profile_photo.jpg
AG-04,1,1,AG-04_personal_portrait_1.jpg,studio/AG-04_personal_portrait_1.jpg,https://picday-images-681447159066-ap-northeast-2-an.s3.ap-northeast-2.amazonaws.com/studio/AG-04_personal_portrait_1.jpg
AG-04,2,,AG-04_personal_portrait_2.jpg,studio/AG-04_personal_portrait_2.jpg,https://picday-images-681447159066-ap-northeast-2-an.s3.ap-northeast-2.amazonaws.com/studio/AG-04_personal_portrait_2.jpg
AG-04,3,,AG-04_id_photo.jpg,studio/AG-04_id_photo.jpg,https://picday-images-681447159066-ap-northeast-2-an.s3.ap-northeast-2.amazonaws.com/studio/AG-04_id_photo.jpg
AG-04,4,,AG-04_profile_photo.jpg,studio/AG-04_profile_photo.jpg,https://picday-images-681447159066-ap-northeast-2-an.s3.ap-northeast-2.amazonaws.com/studio/AG-04_profile_photo.jpg
HH-06,1,1,HH-06_personal_portrait_1.jpg,studio/HH-06_personal_portrait_1.jpg,https://picday-images-681447159066-ap-northeast-2-an.s3.ap-northeast-2.amazonaws.com/studio/HH-06_personal_portrait_1.jpg
HH-06,2,,HH-06_personal_portrait_2.jpg,studio/HH-06_personal_portrait_2.jpg,https://picday-images-681447159066-ap-northeast-2-an.s3.ap-northeast-2.amazonaws.com/studio/HH-06_personal_portrait_2.jpg
HH-06,3,,HH-06_id_photo.jpg,studio/HH-06_id_photo.jpg,https://picday-images-681447159066-ap-northeast-2-an.s3.ap-northeast-2.amazonaws.com/studio/HH-06_id_photo.jpg
HH-06,4,,HH-06_profile_photo.jpg,studio/HH-06_profile_photo.jpg,https://picday-images-681447159066-ap-northeast-2-an.s3.ap-northeast-2.amazonaws.com/studio/HH-06_profile_photo.jpg
HH-04,1,1,HH-04_id_photo.jpg,studio/HH-04_id_photo.jpg,https://picday-images-681447159066-ap-northeast-2-an.s3.ap-northeast-2.amazonaws.com/studio/HH-04_id_photo.jpg
HH-04,2,,HH-04_job_photo.jpg,studio/HH-04_job_photo.jpg,https://picday-images-681447159066-ap-northeast-2-an.s3.ap-northeast-2.amazonaws.com/studio/HH-04_job_photo.jpg
HH-04,3,,HH-04_profile_photo_1.jpg,studio/HH-04_profile_photo_1.jpg,https://picday-images-681447159066-ap-northeast-2-an.s3.ap-northeast-2.amazonaws.com/studio/HH-04_profile_photo_1.jpg
HH-04,4,,HH-04_profile_photo_2.jpg,studio/HH-04_profile_photo_2.jpg,https://picday-images-681447159066-ap-northeast-2-an.s3.ap-northeast-2.amazonaws.com/studio/HH-04_profile_photo_2.jpg
HH-07,1,1,HH-07_personal_portrait.jpg,studio/HH-07_personal_portrait.jpg,https://picday-images-681447159066-ap-northeast-2-an.s3.ap-northeast-2.amazonaws.com/studio/HH-07_personal_portrait.jpg
HH-07,2,,HH-07_id_photo.jpg,studio/HH-07_id_photo.jpg,https://picday-images-681447159066-ap-northeast-2-an.s3.ap-northeast-2.amazonaws.com/studio/HH-07_id_photo.jpg
HH-07,3,,HH-07_profile_photo.jpg,studio/HH-07_profile_photo.jpg,https://picday-images-681447159066-ap-northeast-2-an.s3.ap-northeast-2.amazonaws.com/studio/HH-07_profile_photo.jpg
HH-10,1,1,HH-10_personal_portrait_1.jpg,studio/HH-10_personal_portrait_1.jpg,https://picday-images-681447159066-ap-northeast-2-an.s3.ap-northeast-2.amazonaws.com/studio/HH-10_personal_portrait_1.jpg
HH-10,2,,HH-10_personal_portrait_2.jpg,studio/HH-10_personal_portrait_2.jpg,https://picday-images-681447159066-ap-northeast-2-an.s3.ap-northeast-2.amazonaws.com/studio/HH-10_personal_portrait_2.jpg
HH-10,3,,HH-10_id_photo.jpg,studio/HH-10_id_photo.jpg,https://picday-images-681447159066-ap-northeast-2-an.s3.ap-northeast-2.amazonaws.com/studio/HH-10_id_photo.jpg
HH-10,4,,HH-10_profile_photo.jpg,studio/HH-10_profile_photo.jpg,https://picday-images-681447159066-ap-northeast-2-an.s3.ap-northeast-2.amazonaws.com/studio/HH-10_profile_photo.jpg
HH-03,1,1,HH-03_personal_portrait.jpg,studio/HH-03_personal_portrait.jpg,https://picday-images-681447159066-ap-northeast-2-an.s3.ap-northeast-2.amazonaws.com/studio/HH-03_personal_portrait.jpg
HH-03,2,,HH-03_id_photo.jpg,studio/HH-03_id_photo.jpg,https://picday-images-681447159066-ap-northeast-2-an.s3.ap-northeast-2.amazonaws.com/studio/HH-03_id_photo.jpg
HH-03,3,,HH-03_profile_photo.jpg,studio/HH-03_profile_photo.jpg,https://picday-images-681447159066-ap-northeast-2-an.s3.ap-northeast-2.amazonaws.com/studio/HH-03_profile_photo.jpg
JR-04,1,1,JR-04_personal_portrait_1.jpg,studio/JR-04_personal_portrait_1.jpg,https://picday-images-681447159066-ap-northeast-2-an.s3.ap-northeast-2.amazonaws.com/studio/JR-04_personal_portrait_1.jpg
JR-04,2,,JR-04_personal_portrait_2.jpg,studio/JR-04_personal_portrait_2.jpg,https://picday-images-681447159066-ap-northeast-2-an.s3.ap-northeast-2.amazonaws.com/studio/JR-04_personal_portrait_2.jpg
JR-04,3,,JR-04_id_photo.jpg,studio/JR-04_id_photo.jpg,https://picday-images-681447159066-ap-northeast-2-an.s3.ap-northeast-2.amazonaws.com/studio/JR-04_id_photo.jpg
JR-04,4,,JR-04_profile_photo.jpg,studio/JR-04_profile_photo.jpg,https://picday-images-681447159066-ap-northeast-2-an.s3.ap-northeast-2.amazonaws.com/studio/JR-04_profile_photo.jpg
JR-01,1,1,JR-01_personal_portrait_1.jpg,studio/JR-01_personal_portrait_1.jpg,https://picday-images-681447159066-ap-northeast-2-an.s3.ap-northeast-2.amazonaws.com/studio/JR-01_personal_portrait_1.jpg
JR-01,2,,JR-01_personal_portrait_2.jpg,studio/JR-01_personal_portrait_2.jpg,https://picday-images-681447159066-ap-northeast-2-an.s3.ap-northeast-2.amazonaws.com/studio/JR-01_personal_portrait_2.jpg
JR-01,3,,JR-01_id_photo.jpg,studio/JR-01_id_photo.jpg,https://picday-images-681447159066-ap-northeast-2-an.s3.ap-northeast-2.amazonaws.com/studio/JR-01_id_photo.jpg
JR-01,4,,JR-01_profile_photo.jpg,studio/JR-01_profile_photo.jpg,https://picday-images-681447159066-ap-northeast-2-an.s3.ap-northeast-2.amazonaws.com/studio/JR-01_profile_photo.jpg
JR-07,1,1,JR-07_id_photo.jpg,studio/JR-07_id_photo.jpg,https://picday-images-681447159066-ap-northeast-2-an.s3.ap-northeast-2.amazonaws.com/studio/JR-07_id_photo.jpg
JR-07,2,,JR-07_job_photo.jpg,studio/JR-07_job_photo.jpg,https://picday-images-681447159066-ap-northeast-2-an.s3.ap-northeast-2.amazonaws.com/studio/JR-07_job_photo.jpg
JR-07,3,,JR-07_profile_photo.jpg,studio/JR-07_profile_photo.jpg,https://picday-images-681447159066-ap-northeast-2-an.s3.ap-northeast-2.amazonaws.com/studio/JR-07_profile_photo.jpg
JR-09,1,1,JR-09_personal_portrait_1.jpg,studio/JR-09_personal_portrait_1.jpg,https://picday-images-681447159066-ap-northeast-2-an.s3.ap-northeast-2.amazonaws.com/studio/JR-09_personal_portrait_1.jpg
JR-09,2,,JR-09_personal_portrait_2.jpg,studio/JR-09_personal_portrait_2.jpg,https://picday-images-681447159066-ap-northeast-2-an.s3.ap-northeast-2.amazonaws.com/studio/JR-09_personal_portrait_2.jpg
JR-09,3,,JR-09_id_photo.jpg,studio/JR-09_id_photo.jpg,https://picday-images-681447159066-ap-northeast-2-an.s3.ap-northeast-2.amazonaws.com/studio/JR-09_id_photo.jpg
JR-09,4,,JR-09_profile_photo.jpg,studio/JR-09_profile_photo.jpg,https://picday-images-681447159066-ap-northeast-2-an.s3.ap-northeast-2.amazonaws.com/studio/JR-09_profile_photo.jpg
JR-10,1,1,JR-10_id_photo.jpg,studio/JR-10_id_photo.jpg,https://picday-images-681447159066-ap-northeast-2-an.s3.ap-northeast-2.amazonaws.com/studio/JR-10_id_photo.jpg
JR-10,2,,JR-10_job_photo.jpg,studio/JR-10_job_photo.jpg,https://picday-images-681447159066-ap-northeast-2-an.s3.ap-northeast-2.amazonaws.com/studio/JR-10_job_photo.jpg
JR-10,3,,JR-10_profile_photo_1.jpg,studio/JR-10_profile_photo_1.jpg,https://picday-images-681447159066-ap-northeast-2-an.s3.ap-northeast-2.amazonaws.com/studio/JR-10_profile_photo_1.jpg
JR-10,4,,JR-10_profile_photo_2.jpg,studio/JR-10_profile_photo_2.jpg,https://picday-images-681447159066-ap-northeast-2-an.s3.ap-northeast-2.amazonaws.com/studio/JR-10_profile_photo_2.jpg
JR-10,5,,JR-10_friendship_photo.jpg,studio/JR-10_friendship_photo.jpg,https://picday-images-681447159066-ap-northeast-2-an.s3.ap-northeast-2.amazonaws.com/studio/JR-10_friendship_photo.jpg
